"Symbol","Last","Chg(%)","Vol","ema7","ema12","ema20","ema60","ema120","ema144","ema169","ma20","ma60","ma120","slopeema12","slopeema20","d20_slp_of_ema12","d20_slp_of_ema20",
AAL,13.20,15.18,230551400,11.86,11.82,11.95,12.40,13.31,13.88,14.53,11.96,12.59,12.86,0,0,-0.07,-0.06,
GE,8.72,7.79,192751100,8.03,7.79,7.54,7.02,7.10,7.22,7.35,7.49,6.74,6.82,0,0,0.06,0.05,
CCL,19.25,39.29,184797500,15.13,14.68,14.57,15.05,16.81,17.89,19.13,14.23,15.29,15.83,0,0,-0.06,-0.06,
BAC,27.76,14.19,178231600,25.09,24.74,24.58,24.66,24.99,25.19,25.41,24.34,24.85,24.84,0,0,-0.02,-0.02,
AAPL,116.32,-2.00,154050500,115.60,115.24,115.28,113.12,105.34,102.32,99.41,115.92,116.86,105.09,0,0,-0.23,-0.13,
F,8.20,5.26,110420500,7.92,7.86,7.75,7.33,7.05,7.04,7.06,7.83,7.23,6.85,0,0,0.03,0.03,
AMD,83.12,-3.21,58505700,81.57,80.91,80.82,78.92,72.65,70.27,67.95,80.77,81.60,71.20,0,0,-0.26,-0.18,
DAL,36.77,17.03,57997000,32.56,32.08,31.84,31.04,31.42,32.12,32.99,31.72,31.23,29.53,0,0,-0.03,-0.01,
C,47.64,11.54,56860700,43.86,43.45,43.47,45.47,48.23,49.30,50.38,43.07,46.02,48.87,0,0,-0.09,-0.11,
BA,179.36,13.71,48658000,160.77,159.23,159.59,163.59,173.76,179.90,186.85,159.83,163.98,170.15,0,0,-0.62,-0.46,
CSCO,38.20,1.79,42630900,37.27,37.34,37.72,39.67,41.40,41.87,42.30,37.95,39.57,42.93,0,0,-0.17,-0.13,
FCX,19.79,3.50,40981100,18.75,18.36,17.92,16.40,14.74,14.27,13.89,17.84,16.43,14.17,0,0,0.09,0.08,
CMCSA,47.18,5.95,37453100,44.51,44.20,44.24,44.13,43.24,43.00,42.81,44.17,44.69,42.87,0,0,-0.13,-0.10,
DIS,142.59,11.87,35607300,129.36,127.33,126.36,125.54,124.02,123.80,123.74,125.82,127.60,123.32,0,0,-0.07,-0.08,
APA,9.75,14.17,26845700,8.98,8.94,9.12,10.65,12.21,12.81,13.46,8.95,11.23,12.60,0,0,-0.06,-0.08,
FB,278.77,-4.99,25059700,281.56,278.78,275.80,267.16,253.56,248.70,244.16,275.21,271.20,255.03,0,0,0.63,0.55,
CVX,79.40,11.60,23996800,73.29,72.51,72.44,76.12,81.33,83.19,85.03,71.83,76.46,83.37,0,0,-0.15,-0.17,
BSX,38.21,7.03,21384700,36.04,36.08,36.57,37.77,37.94,38.00,38.06,36.72,38.73,37.83,0,0,-0.27,-0.21,
EBAY,48.32,-4.68,19384900,49.41,50.13,50.95,52.16,50.64,49.78,48.92,52.14,53.03,52.69,0,0,-0.23,-0.14,
EXPE,128.64,24.57,19305700,106.77,102.78,99.92,95.02,91.96,91.85,92.17,97.58,95.77,90.02,0,0,0.29,0.21,
DVN,11.33,15.97,17779400,9.99,9.69,9.54,9.83,10.85,11.39,11.99,9.27,9.76,10.74,0,0,-0.02,-0.02,
COP,33.38,14.35,17611600,30.71,30.77,31.30,33.90,36.91,38.03,39.17,31.44,34.20,37.99,0,0,-0.27,-0.22,
AXP,117.37,21.39,17247900,101.48,99.94,99.78,100.01,100.14,100.59,101.16,99.80,100.88,99.42,0,0,-0.46,-0.32,
CVS,67.53,3.97,15691600,62.43,61.08,60.25,60.27,61.39,61.74,62.02,59.59,59.91,62.30,0,0,0.01,0.0033,
BMY,64.08,0.44,15532200,62.70,61.86,61.24,60.52,60.15,59.96,59.74,60.82,60.57,59.98,0,0,0.0083,0.0090,
BKR,17.67,13.49,14116800,15.91,15.37,14.88,14.57,15.07,15.36,15.69,14.46,14.34,15.22,0,0,0.11,0.07,
ABT,109.39,-4.40,13987100,110.55,109.76,109.00,106.02,101.64,100.17,98.81,108.64,106.59,100.56,0,0,0.05,0.07,
FITB,26.56,14.43,13913600,24.30,23.95,23.59,22.32,21.71,21.74,21.86,23.59,22.02,21.02,0,0,0.05,0.07,
AIG,37.52,13.15,13776300,33.70,32.82,31.97,30.59,31.18,31.81,32.54,31.65,29.74,30.66,0,0,0.16,0.14,
ATVI,75.41,-4.31,13715200,77.84,78.32,78.85,79.47,77.24,76.05,74.81,79.46,80.46,78.88,0,0,-0.11,-0.08,
FTI,7.25,24.78,13566800,6.26,6.22,6.31,6.81,7.80,8.33,8.92,6.38,6.88,7.39,0,0,-0.05,-0.04,
BRK.B,221.50,6.06,11340800,210.40,209.23,209.32,208.68,205.13,204.43,204.01,208.74,212.47,200.96,0,0,-0.40,-0.33,
ABBV,95.12,2.44,11025900,91.33,89.42,88.23,88.94,89.52,89.32,89.01,86.54,89.24,92.41,0,0,-0.0042,-0.07,
COG,16.65,1.28,11007300,16.92,17.38,17.80,18.38,18.47,18.48,18.50,18.35,18.57,18.73,0,0,-0.06,-0.03,
EQR,59.28,15.06,10968000,52.85,51.91,51.76,53.36,56.54,57.87,59.16,51.00,53.69,55.94,0,0,-0.23,-0.21,
FANG,32.40,30.96,10931100,27.89,27.75,28.16,31.72,36.90,39.15,41.58,27.99,32.20,37.78,0,0,-0.21,-0.20,
EOG,40.31,16.57,10837900,36.39,36.04,36.17,39.04,43.42,45.16,47.00,36.04,39.00,44.76,0,0,-0.14,-0.14,
GILD,59.05,-0.03,10792600,59.23,59.55,60.21,63.49,66.55,67.19,67.63,60.33,63.31,68.80,0,0,-0.25,-0.22,
ETSY,121.20,-17.15,10622100,134.07,135.16,135.51,128.50,114.86,110.08,105.68,139.24,128.66,114.87,7,0,-0.35,0.03,
CFG,32.33,16.67,10508300,28.96,28.43,28.01,26.95,26.62,26.79,27.04,27.87,26.74,25.98,0,0,0.03,0.04,
AMAT,71.30,1.09,10151300,66.81,64.91,63.54,61.72,60.40,59.88,59.34,62.87,61.21,61.09,0,0,0.0098,0.03,
BK,39.16,11.66,9647200,36.25,36.05,36.01,36.12,36.77,37.13,37.55,36.28,35.97,36.83,0,0,-0.05,-0.02,
AMCR,12.04,4.51,9646400,11.37,11.21,11.14,11.00,10.70,10.61,10.54,11.10,11.09,10.76,0,0,-0.02,-0.01,
BIIB,236.26,-28.17,9239300,284.18,280.32,277.77,277.95,281.36,282.20,282.76,273.86,277.25,280.04,0,0,-0.69,-0.63,
DOW,52.12,8.07,9204800,48.85,48.37,48.15,47.07,45.33,44.98,44.77,48.10,47.69,44.70,0,0,-0.06,-0.03,
CNP,23.73,3.81,9153600,22.51,22.15,21.76,20.71,20.32,20.41,20.58,21.69,20.43,19.67,0,0,0.08,0.08,
CRM,259.28,-0.33,8772200,252.24,250.25,249.84,241.20,223.40,217.76,212.70,250.52,247.62,217.61,0,0,-0.81,-0.47,
FOXA,26.25,1.16,8566600,26.31,26.43,26.64,26.97,27.37,27.64,27.95,26.50,27.24,27.16,0,0,-0.09,-0.07,
FISV,109.10,5.85,8322700,102.48,101.21,100.75,100.55,100.98,101.20,101.35,100.09,100.29,100.77,0,0,-0.25,-0.19,
FE,29.52,1.55,8228000,29.83,30.30,30.56,31.01,33.28,34.18,35.01,31.26,29.80,33.48,0,0,0.01,0.05,
EXC,43.32,1.12,8125800,42.39,41.92,41.24,39.32,38.94,39.09,39.32,41.68,38.30,38.17,0,0,0.15,0.17,
DD,61.66,3.42,7970300,59.66,59.17,58.76,57.39,55.62,55.20,54.87,58.80,57.69,55.59,0,0,0.04,0.05,
AFL,41.49,12.44,7856300,37.61,37.05,36.84,36.76,37.38,37.85,38.38,36.62,36.82,36.67,0,0,-0.08,-0.06,
DHI,64.95,-8.02,7363700,69.61,70.44,71.43,71.14,66.85,65.34,63.95,72.33,73.21,66.53,0,0,-0.40,-0.27,
AES,20.97,2.74,7283000,20.44,20.26,19.99,18.74,17.57,17.33,17.15,20.11,18.76,16.64,0,0,0.06,0.07,
CARR,38.80,-0.39,7185500,37.24,36.17,35.05,31.87,28.20,26.97,25.84,34.55,31.75,28.00,0,0,0.21,0.18,
AMZN,3143.74,-5.06,7167100,3199.57,3196.05,3197.96,3160.94,2988.99,2916.23,2845.19,3219.16,3220.10,3033.30,15,13,-5.65,-2.83,
EA,116.97,-1.86,7096000,121.70,123.10,124.68,128.44,127.29,126.05,124.70,126.03,130.46,131.25,0,0,-0.38,-0.30,
ALK,45.91,19.99,7010500,40.21,39.50,39.09,38.45,38.94,39.64,40.50,38.99,38.67,37.72,0,0,0.02,0.02,
EMR,76.29,8.80,6658100,70.73,69.71,69.08,67.66,66.02,65.67,65.44,68.97,68.25,65.59,0,0,-0.02,0.0075,
BEN,20.42,5.20,6654200,19.94,20.23,20.61,20.98,21.10,21.26,21.49,21.32,21.07,21.09,0,0,-0.13,-0.07,
CL,81.78,-1.51,6633800,81.80,81.09,80.35,78.42,76.50,75.92,75.39,80.15,78.41,76.15,0,0,0.09,0.09,
DISCA,22.12,5.69,6480800,21.15,20.99,21.02,21.48,22.05,22.34,22.65,20.75,21.85,21.76,0,0,-0.07,-0.07,
FIS,141.69,6.42,6478700,134.18,134.51,136.35,140.68,140.40,139.91,139.32,136.94,143.53,141.73,0,0,-0.83,-0.66,
DRI,120.55,18.05,6141700,103.32,100.58,99.09,93.99,89.79,89.48,89.62,98.03,93.94,85.53,0,0,-0.23,-0.11,
BAX,80.97,2.58,5990800,78.81,78.91,79.26,80.97,82.55,82.89,83.10,79.64,81.22,83.59,0,0,-0.09,-0.08,
CAT,170.82,5.91,5966800,163.46,162.53,161.31,153.55,145.15,143.06,141.39,163.35,152.89,141.61,0,0,0.17,0.33,
CSX,88.20,2.34,5962900,84.89,83.29,81.89,78.50,75.53,74.79,74.20,81.18,78.42,74.66,0,0,0.17,0.14,
FDX,263.88,-5.68,5901300,271.47,271.71,270.29,247.07,216.57,208.55,202.08,274.90,249.17,201.44,13,14,0.21,0.65,
COF,86.95,11.80,5668600,79.18,77.89,77.00,73.82,72.26,72.49,72.95,76.92,73.25,69.83,0,0,-0.09,-0.0018,
ADI,135.82,1.74,5150800,128.44,125.97,124.04,120.31,117.72,116.97,116.29,123.65,119.21,118.70,0,0,0.11,0.16,
DFS,76.19,12.19,5126500,69.53,67.97,66.29,60.86,57.92,57.84,58.09,65.98,59.40,55.29,0,0,0.25,0.28,
DISH,28.05,1.23,5035800,27.08,26.89,27.10,29.05,30.12,30.34,30.54,26.81,30.06,31.76,0,0,-0.12,-0.14,
CLX,194.91,-10.62,4940000,209.05,210.37,211.33,213.84,210.60,208.18,205.52,212.44,214.75,216.78,0,0,-0.20,-0.14,
BBY,111.00,-9.80,4890600,117.28,117.02,116.41,111.24,103.07,100.50,98.19,117.35,112.78,100.76,0,0,0.03,0.13,
DXC,19.54,7.90,4784200,19.02,19.02,19.04,18.87,19.20,19.75,20.52,19.30,19.16,18.02,0,0,-0.03,-0.01,
D,84.02,0.38,4782800,82.91,82.37,81.81,80.56,80.16,80.10,80.03,81.64,79.87,80.35,0,0,0.07,0.08,
BXP,88.77,20.92,4744600,78.12,77.22,77.49,81.31,87.06,89.43,91.80,76.47,81.93,86.44,0,0,-0.39,-0.37,
CBRE,58.15,11.25,4741500,53.04,51.58,50.41,48.35,47.58,47.61,47.72,49.38,48.14,46.72,0,0,0.07,0.05,
CTVA,34.64,2.79,4633900,33.62,33.32,32.88,31.02,29.59,29.26,29.01,33.26,30.58,29.00,0,0,0.06,0.10,
CAG,34.38,-4.69,4442300,35.70,36.02,36.27,36.36,35.62,35.27,34.91,36.72,36.61,35.97,0,0,-0.06,-0.02,
COST,365.00,-5.36,4367200,373.76,372.81,370.85,357.82,342.86,338.30,334.02,373.92,356.92,336.56,8,0,0.21,0.50,
CXO,48.53,14.48,4259800,44.52,44.34,44.55,46.57,50.03,51.56,53.23,45.00,46.57,50.49,0,0,-0.13,-0.10,
CNC,68.82,1.31,4208400,66.09,65.24,64.48,62.97,62.62,62.44,62.22,64.95,61.56,63.11,0,0,0.04,0.11,
CME,162.41,7.85,4198000,154.70,155.64,157.86,163.95,169.34,171.26,173.04,158.86,166.29,169.06,0,0,-0.85,-0.66,
EW,84.00,7.65,4184700,78.19,77.90,78.41,79.02,77.55,76.99,76.44,79.32,80.64,76.89,0,0,-0.41,-0.28,
DUK,95.40,2.10,4148100,94.03,93.56,92.70,88.97,87.23,87.08,87.04,93.04,87.03,85.45,0,0,0.14,0.21,
CB,146.98,6.75,4092900,137.24,133.86,130.36,125.49,125.60,126.25,127.04,128.07,123.10,125.87,0,0,0.78,0.60,
CF,28.96,5.96,3954300,27.65,27.66,28.08,29.74,30.82,31.32,31.88,27.82,30.83,30.63,0,0,-0.20,-0.19,
ALL,93.89,3.01,3943200,91.65,91.33,91.37,92.43,94.30,95.03,95.70,91.00,92.56,94.03,0,0,-0.13,-0.11,
FAST,45.99,-2.11,3903900,45.80,45.42,45.21,45.11,43.84,43.24,42.62,44.83,45.72,44.69,0,0,-0.05,-0.05,
DHR,233.78,-4.76,3883800,237.17,235.21,231.89,218.26,203.06,198.23,193.77,232.14,216.60,199.87,0,0,0.85,0.86,
CPB,46.12,-3.90,3746700,47.38,47.56,47.74,48.31,48.63,48.59,48.50,48.01,48.56,49.03,0,0,-0.06,-0.04,
AEP,90.26,-0.73,3674500,90.66,90.63,90.01,86.78,85.65,85.65,85.73,90.86,84.53,84.14,0,0,0.20,0.26,
ADM,49.29,2.11,3642200,48.46,48.68,48.75,47.17,44.96,44.40,43.95,49.43,47.26,44.03,0,0,0.02,0.07,
ADBE,471.14,-4.75,3621300,477.26,477.01,479.05,475.54,451.90,442.24,432.77,482.49,485.83,455.85,0,0,-1.65,-1.07,
EVRG,57.99,5.36,3586700,56.18,55.87,55.33,54.71,56.07,56.61,57.09,55.50,53.00,56.77,0,0,0.18,0.17,
BLL,92.98,-4.60,3543500,93.89,92.90,91.53,85.88,80.69,79.32,78.11,91.85,85.17,78.44,0,0,0.27,0.30,
CTSH,73.88,-0.46,3344000,73.24,72.93,72.54,69.80,66.34,65.49,64.84,72.90,69.96,64.43,0,0,0.02,0.08,
DRE,38.66,-5.20,3258100,39.61,39.35,39.07,38.33,37.41,37.10,36.80,38.92,38.30,37.44,0,0,0.01,0.02,
CMA,53.93,19.98,3242900,47.55,46.32,45.04,42.13,41.67,42.24,43.09,44.44,41.38,39.83,0,0,0.27,0.23,
DLR,138.22,-5.77,3239100,145.24,147.09,148.61,149.54,147.15,145.91,144.61,150.89,150.21,148.02,0,0,-0.37,-0.17,
DISCK,20.11,6.51,3068200,19.16,19.01,19.02,19.43,20.00,20.30,20.62,18.77,19.77,19.66,0,0,-0.05,-0.06,
ACN,240.22,1.66,3052100,231.37,228.80,227.67,226.75,220.66,218.21,215.86,226.84,230.82,222.67,0,0,-0.20,-0.20,
AVB,164.69,11.31,3047800,150.92,148.84,148.51,150.99,156.07,158.49,160.95,146.84,152.04,154.02,0,0,-0.63,-0.53,
CAH,55.41,5.26,3043300,51.40,50.17,49.33,49.25,50.04,50.20,50.30,48.76,48.65,51.27,0,0,0.05,0.03,
AMGN,235.00,1.44,2994600,229.03,228.25,229.89,236.61,236.61,235.56,234.25,228.12,240.36,239.71,0,0,-1.13,-1.02,
ETN,113.50,3.22,2959800,109.52,108.57,107.69,103.87,99.17,97.83,96.65,107.96,104.33,97.50,0,0,0.06,0.12,
CHD,84.83,-6.27,2914700,88.53,89.25,90.05,90.50,87.30,86.04,84.86,90.87,92.63,87.16,0,0,-0.21,-0.15,
BWA,37.99,4.28,2913000,36.87,37.07,37.54,38.28,37.40,37.12,36.91,37.76,39.47,37.67,0,0,-0.16,-0.12,
CTXS,114.65,-3.57,2835600,117.30,119.42,122.91,131.63,134.42,134.11,133.40,125.25,134.12,139.40,0,0,-1.26,-0.96,
FRT,91.61,32.90,2783100,76.37,74.95,74.67,76.53,80.71,82.80,85.02,73.88,77.10,80.04,0,0,-0.28,-0.25,
ECL,216.90,8.78,2693800,199.90,197.93,197.68,198.59,197.84,197.31,196.70,197.80,199.18,201.34,0,0,-0.47,-0.34,
CI,211.20,4.83,2686300,198.33,191.53,185.81,179.13,179.91,180.35,180.69,182.00,175.77,181.34,0,0,0.65,0.51,
DG,210.49,-4.93,2639400,214.74,214.66,214.38,208.60,199.28,195.92,192.64,215.96,208.40,199.11,0,0,-0.21,0.01,
AIV,28.78,11.29,2630800,28.35,29.53,30.90,33.75,35.91,36.70,37.48,31.72,34.38,36.13,0,0,-0.34,-0.25,
EIX,60.76,4.18,2624900,58.74,58.27,57.57,55.64,56.20,56.75,57.35,58.07,54.04,55.19,0,0,0.18,0.20,
AON,192.91,1.34,2548300,188.97,191.23,194.61,198.77,198.08,197.69,197.23,198.16,200.44,198.24,0,0,-1.12,-0.73,
AMT,237.98,-1.72,2423600,237.62,237.29,238.00,242.90,244.59,244.02,243.01,237.57,243.78,251.21,0,0,-0.44,-0.40,
CHRW,93.92,3.64,2417500,91.20,92.49,94.57,96.16,92.15,90.76,89.57,96.04,98.97,91.59,0,0,-0.73,-0.52,
AVGO,375.54,-1.33,2407900,369.86,367.69,366.86,356.76,338.91,333.55,328.83,368.62,359.73,335.40,0,0,-0.69,-0.31,
CDNS,118.57,-5.52,2405600,118.51,116.40,114.42,109.41,102.73,100.27,97.91,114.22,109.42,103.72,0,0,0.15,0.19,
DLTR,95.87,0.36,2405300,94.52,94.03,93.64,93.01,92.13,91.97,91.95,94.16,93.32,93.24,0,0,-0.0030,0.04,
FLS,32.15,12.22,2378200,30.54,30.23,29.86,29.26,29.81,30.34,30.97,29.80,29.05,28.96,0,0,0.09,0.08,
ADSK,262.61,1.23,2361800,253.57,250.96,248.38,241.23,231.00,226.91,222.87,250.49,240.97,236.61,0,0,0.46,0.56,
ADP,169.89,2.20,2298000,163.85,160.27,156.09,147.71,146.25,146.60,147.09,154.25,143.80,144.60,0,0,0.81,0.71,
FOX,26.19,2.28,2285500,26.08,26.23,26.50,26.94,27.28,27.53,27.82,26.42,27.26,27.10,0,0,-0.12,-0.09,
GD,147.13,5.61,2276200,140.08,139.07,139.11,142.10,145.32,146.67,148.09,138.52,143.42,146.81,0,0,-0.35,-0.31,
ED,79.28,1.90,2248800,79.49,79.87,79.92,78.12,77.69,77.97,78.33,80.72,76.88,75.39,0,0,-0.02,0.06,
CERN,73.87,1.25,2234600,72.64,72.45,72.33,71.86,71.25,71.06,70.87,72.61,71.95,71.24,0,0,-0.03,-0.0001,
DE,248.87,0.50,2219500,241.46,238.58,235.79,220.67,202.13,197.14,192.97,236.57,222.25,193.78,0,0,0.17,0.37,
EXR,106.92,-5.15,2201900,113.08,114.05,114.10,110.57,106.72,105.93,105.38,115.15,110.68,104.16,0,0,0.21,0.24,
FFIV,154.97,7.34,2187000,141.78,138.16,135.00,131.74,132.24,132.50,132.82,133.46,128.80,135.24,0,0,0.47,0.39,
A,112.50,-0.04,2177900,109.32,107.82,106.43,102.10,97.03,95.41,93.92,106.20,101.86,96.60,0,0,0.15,0.17,
CCI,161.78,-1.40,2174000,161.60,161.39,161.69,162.76,161.88,161.00,159.93,161.81,162.55,165.02,0,0,-0.37,-0.26,
AKAM,99.27,-2.32,2168600,100.01,101.07,102.94,106.58,105.83,104.99,104.03,104.33,108.52,107.81,0,0,-0.69,-0.51,
CTLT,101.91,-1.36,2157500,98.82,96.60,94.60,89.57,83.49,81.30,79.20,93.92,89.25,84.04,0,0,0.18,0.20,
ALB,116.73,4.02,2138400,105.06,101.50,98.81,93.62,88.23,86.61,85.23,97.04,94.18,87.70,0,0,0.23,0.19,
FLT,269.12,15.95,2067200,242.90,240.52,240.12,241.82,245.20,246.68,248.10,241.13,240.79,247.80,0,0,-0.60,-0.36,
APTV,106.69,2.12,2033100,102.62,101.06,99.36,93.12,87.67,86.43,85.50,99.24,91.95,85.79,0,0,0.23,0.29,
AEE,83.04,1.45,1967200,82.72,82.61,82.25,80.50,78.93,78.54,78.21,82.45,80.20,77.84,0,0,0.11,0.13,
APH,121.59,1.04,1956700,118.33,117.09,115.76,111.25,106.50,105.20,104.10,115.74,110.98,105.67,0,0,0.23,0.25,
BDX,240.31,1.56,1929100,237.14,236.89,236.62,239.31,243.34,244.34,245.14,237.02,237.92,245.02,0,0,0.12,0.12,
FTV,70.33,2.87,1915800,66.94,66.14,65.68,63.77,61.41,60.87,60.49,65.60,63.76,60.48,0,0,-0.11,-0.04,
EL,246.21,3.17,1912900,234.72,231.65,228.87,219.73,210.22,207.59,205.25,228.26,220.21,207.69,0,0,0.41,0.43,
AAP,156.63,0.16,1875300,154.88,154.04,153.72,152.46,148.54,147.49,146.75,153.49,154.43,149.35,0,0,-0.20,-0.14,
DGX,120.32,-5.19,1869700,124.57,124.24,123.00,119.28,116.33,115.31,114.34,123.37,116.99,117.79,0,0,0.52,0.48,
EXPD,87.31,-1.14,1818200,88.19,89.10,89.91,88.90,85.24,84.08,83.06,91.22,90.05,84.22,0,0,-0.14,-0.05,
CPRT,121.33,-1.93,1815300,119.56,117.66,115.74,108.63,101.39,99.36,97.55,115.73,108.38,98.60,0,0,0.15,0.23,
FLIR,36.85,6.04,1797800,35.71,35.68,35.77,36.56,38.29,38.99,39.67,35.89,35.91,38.82,0,0,-0.08,-0.05,
AJG,109.98,-0.48,1797000,108.99,108.24,107.62,105.62,102.54,101.50,100.51,107.53,105.73,102.84,0,0,-0.0076,0.03,
ES,93.53,0.81,1757800,91.98,91.51,90.86,88.45,86.97,86.57,86.17,91.39,87.15,86.38,0,0,0.06,0.14,
ARE,154.07,-1.94,1726900,156.03,156.55,157.64,161.01,161.17,160.76,160.22,157.92,162.65,163.55,0,0,-0.48,-0.38,
CMS,66.14,3.05,1651800,64.88,64.75,64.48,63.05,62.03,61.81,61.62,64.89,62.46,61.25,0,0,0.07,0.10,
BKNG,2118.24,18.75,1649300,1817.75,1771.55,1749.70,1739.81,1724.05,1722.41,1723.36,1724.40,1767.99,1729.81,0,0,-2.63,-2.44,
CHTR,613.20,-4.85,1632700,619.17,614.38,613.24,606.58,582.81,573.46,564.14,611.10,615.87,581.51,0,0,-1.88,-1.43,
ANTM,322.41,2.90,1617600,309.50,303.82,298.31,285.24,278.80,277.58,276.69,298.12,280.78,276.66,10,5,0.61,0.77,
AME,114.07,3.40,1610400,108.13,106.69,105.72,102.30,98.27,97.17,96.22,106.02,102.61,97.26,0,0,-0.07,0.03,
FTNT,117.11,-0.09,1607800,117.14,118.43,119.95,123.11,123.40,122.53,121.34,123.09,122.89,129.56,0,0,-0.43,-0.20,
FBHS,80.06,-9.17,1585700,84.79,84.94,85.17,83.12,77.46,75.60,73.93,85.54,85.16,76.34,0,0,-0.22,-0.13,
CDW,143.95,4.27,1568900,135.27,132.31,129.68,122.96,119.41,118.80,118.31,129.44,120.11,117.72,0,0,0.17,0.27,
ALXN,124.88,-0.30,1500300,122.44,121.37,120.42,116.08,112.33,111.49,110.90,120.87,114.55,112.02,0,0,-0.06,0.07,
FRC,137.24,5.76,1448200,129.83,128.36,126.34,119.55,114.78,113.56,112.51,127.22,117.16,113.84,0,0,0.44,0.52,
CMI,228.97,-0.03,1435400,226.88,225.22,223.16,213.63,200.86,197.03,193.67,223.22,214.77,197.87,0,0,0.32,0.38,
AOS,53.13,-2.62,1425100,53.41,53.50,53.61,52.43,50.43,49.88,49.43,54.01,52.22,50.32,0,0,-0.11,-0.04,
AMP,182.94,7.75,1386800,171.62,169.34,167.34,161.19,155.22,153.67,152.38,167.66,159.96,155.49,0,0,0.09,0.23,
CINF,85.73,15.46,1371900,76.70,76.06,76.27,76.82,77.39,78.14,79.03,76.41,77.83,73.97,0,0,-0.32,-0.23,
AWK,162.33,0.74,1347500,158.19,156.69,155.11,149.29,143.20,141.33,139.59,155.19,148.11,141.30,0,0,0.12,0.22,
DPZ,376.55,-5.83,1335900,387.91,389.41,392.42,396.68,387.43,382.22,376.69,392.12,402.80,393.49,0,0,-1.21,-1.03,
ESS,254.45,12.01,1270400,227.78,220.31,215.28,214.10,223.09,227.21,231.30,209.24,212.04,222.21,0,0,0.11,-0.07,
APD,312.67,1.94,1261700,298.88,295.24,293.89,290.25,278.29,273.81,269.53,292.25,294.51,278.06,0,0,-0.62,-0.49,
DVA,102.33,3.76,1235100,96.24,93.93,92.00,88.43,85.44,84.35,83.25,91.09,88.14,85.13,0,0,0.23,0.20,
DTE,128.81,4.00,1230500,125.63,124.68,123.28,119.22,116.55,116.20,116.07,123.02,118.77,114.68,0,0,0.42,0.37,
DXCM,343.84,-4.84,1192000,348.74,354.67,363.88,384.77,378.83,371.49,362.86,371.76,394.24,400.67,0,0,-2.57,-1.92,
ALLE,111.87,8.79,1144200,104.58,103.43,102.77,101.94,102.45,102.81,103.12,102.82,101.41,101.99,0,0,-0.10,-0.03,
EMN,90.34,6.24,1084100,85.78,85.02,84.33,80.84,76.80,75.79,75.04,84.84,80.32,76.18,0,0,0.02,0.10,
ABC,106.26,2.22,1079800,103.11,101.55,100.23,98.57,97.17,96.53,95.86,99.51,97.77,98.83,0,0,0.16,0.13,
ETR,109.15,4.04,1073800,106.48,106.09,105.49,102.92,102.34,102.57,102.84,106.09,101.35,100.50,0,0,0.08,0.16,
BF.B,76.98,2.27,1068300,74.40,73.97,74.12,73.84,71.56,70.75,69.98,73.99,75.32,70.93,0,0,-0.27,-0.21,
CTAS,363.46,6.61,1043400,340.85,337.19,335.61,326.14,307.64,301.82,296.61,336.75,331.04,304.99,0,0,-0.73,-0.37,
CBOE,87.20,3.01,1024000,84.68,83.98,83.92,86.41,90.34,91.78,93.11,82.78,87.05,90.79,0,0,-0.18,-0.22,
DOV,119.72,2.83,1014100,116.24,115.18,114.23,111.21,107.70,106.77,105.97,114.07,111.89,106.31,0,0,0.11,0.12,
EFX,151.90,1.22,1013200,149.59,149.94,151.63,156.60,156.70,155.93,154.97,152.87,158.58,162.32,0,0,-0.88,-0.66,
CE,126.25,5.48,1012100,119.69,118.29,116.95,110.79,104.98,103.91,103.23,117.36,110.57,101.28,0,0,0.09,0.18,
ALGN,476.99,-0.18,957200,468.91,452.09,427.48,365.53,325.91,316.14,308.15,416.13,348.89,314.44,12,11,7.74,6.21,
ANET,261.68,-0.50,908600,247.55,238.34,230.78,221.51,219.46,219.28,219.37,226.46,216.93,221.30,0,0,0.52,0.46,
AVY,152.35,2.76,891200,146.16,143.44,140.09,130.41,124.62,123.44,122.51,139.47,127.22,121.49,0,0,0.78,0.72,
BLK,666.02,1.70,870000,647.19,638.59,629.13,600.76,575.07,566.90,559.35,634.68,593.81,575.84,17,17,1.23,1.71,
EQIX,743.21,-6.44,852400,765.01,767.90,772.31,769.19,743.73,732.58,721.17,780.35,775.30,747.30,12,11,-2.62,-1.45,
ATO,97.79,4.43,808500,95.56,95.39,95.36,96.56,98.57,99.23,99.82,95.20,96.27,99.08,0,0,-0.03,-0.03,
FMC,109.84,1.09,804800,107.45,106.86,106.68,106.37,103.93,102.89,101.85,106.78,107.44,105.00,0,0,-0.11,-0.08,
AIZ,131.80,3.71,716100,127.67,126.54,125.44,121.71,118.25,117.59,117.10,124.67,122.69,115.04,0,0,0.14,0.13,
BR,146.88,0.20,567600,144.37,143.25,142.04,138.00,133.11,131.64,130.36,142.57,138.01,132.88,0,0,0.17,0.22,
CMG,1278.13,-3.62,502800,1278.93,1278.24,1280.14,1253.67,1175.43,1146.04,1117.95,1296.48,1278.38,1184.03,12,11,-1.56,-0.33,
ANSS,328.47,-2.47,500700,325.90,324.93,325.29,321.37,308.57,303.47,298.36,328.68,325.32,309.65,3,0,-1.03,-0.55,
ABMD,279.61,2.72,426400,271.17,271.18,272.17,274.34,262.83,257.91,253.67,274.70,280.62,272.68,0,0,-0.32,-0.19,
COO,351.74,5.34,410100,336.47,336.78,338.19,331.41,321.61,319.42,317.66,341.82,332.13,313.52,0,0,-0.97,-0.44,
AZO,1151.39,-0.62,349300,1151.68,1152.61,1156.01,1164.66,1150.36,1143.88,1137.41,1160.23,1180.88,1164.26,0,0,-0.99,-0.92,
BIO,579.96,-9.87,294200,605.15,596.67,584.15,546.76,512.29,500.73,489.74,581.40,537.20,510.34,20,18,2.90,2.70,
